<?xml version="1.0" encoding="UTF-8"?>
<project xmlns="http://maven.apache.org/POM/4.0.0" xmlns:xsi="http://www.w3.org/2001/XMLSchema-instance" xsi:schemaLocation="http://maven.apache.org/POM/4.0.0 http://maven.apache.org/maven-v4_0_0.xsd">
  <parent>
    <artifactId>spring-boot-starter-parent</artifactId>
    <groupId>org.springframework.boot</groupId>
    <version>1.3.2.RELEASE</version>
    <relativePath>../pom.xml/pom.xml</relativePath>
  </parent>
  <modelVersion>4.0.0</modelVersion>
  <groupId>com.familytree.domain</groupId>
  <artifactId>familytree</artifactId>
  <name>familytree</name>
  <version>0.0.1-SNAPSHOT</version>
  <url>http://maven.apache.org</url>
  <build>
    <plugins>
      <plugin>
        <groupId>org.springframework.boot</groupId>
        <artifactId>spring-boot-maven-plugin</artifactId>
      </plugin>
      <plugin>
        <artifactId>maven-shade-plugin</artifactId>
        <version>2.4.3</version>
        <executions>
          <execution>
            <phase>package</phase>
            <goals>
              <goal>shade</goal>
            </goals>
          </execution>
        </executions>
        <configuration />
      </plugin>
    </plugins>
  </build>
  <repositories>
    <repository>
      <id>spring-releases</id>
      <url>https://repo.spring.io/libs-release</url>
    </repository>
  </repositories>
  <pluginRepositories>
    <pluginRepository>
      <id>spring-releases</id>
      <url>https://repo.spring.io/libs-release</url>
    </pluginRepository>
  </pluginRepositories>
  <dependencies>
    <dependency>
      <groupId>junit</groupId>
      <artifactId>junit</artifactId>
      <version>3.8.1</version>
      <scope>test</scope>
    </dependency>
    <dependency>
      <groupId>org.springframework.boot</groupId>
      <artifactId>spring-boot-starter-web</artifactId>
      <version>1.3.2.RELEASE</version>
      <scope>provided</scope>
    </dependency>
    <dependency>
      <groupId>com.thoughtworks.xstream</groupId>
      <artifactId>xstream</artifactId>
      <version>1.4.8</version>
      <scope>provided</scope>
    </dependency>
    <dependency>
      <groupId>org.jgrapht</groupId>
      <artifactId>jgrapht-core</artifactId>
      <version>0.9.1</version>
      <scope>provided</scope>
    </dependency>
    <dependency>
      <groupId>jgraph</groupId>
      <artifactId>jgraph</artifactId>
      <version>5.13.0.0</version>
      <scope>provided</scope>
    </dependency>
    <dependency>
      <groupId>org.jgrapht</groupId>
      <artifactId>jgrapht-ext</artifactId>
      <version>0.9.1</version>
      <scope>provided</scope>
    </dependency>
  </dependencies>
  <properties>
    <project.build.sourceEncoding>UTF-8</project.build.sourceEncoding>
  </properties>
</project>

